20220102,4,OTHER,57,Auto-generated downtime event for line 4 on 20220102
20220103,10,BREAKDOWN,90,Auto-generated downtime event for line 10 on 20220103
20220106,6,CLEANING,82,Auto-generated downtime event for line 6 on 20220106
20220107,17,OTHER,50,Auto-generated downtime event for line 17 on 20220107
20220110,9,NOFRUIT,48,Auto-generated downtime event for line 9 on 20220110
20220110,18,OTHER,11,Auto-generated downtime event for line 18 on 20220110
20220112,11,BREAKDOWN,93,Auto-generated downtime event for line 11 on 20220112
20220113,11,OTHER,61,Auto-generated downtime event for line 11 on 20220113
20220118,2,CLEANING,81,Auto-generated downtime event for line 2 on 20220118
20220118,4,OTHER,22,Auto-generated downtime event for line 4 on 20220118
20220122,17,BREAKDOWN,73,Auto-generated downtime event for line 17 on 20220122
20220123,1,BREAKDOWN,44,Auto-generated downtime event for line 1 on 20220123
20220123,8,OTHER,90,Auto-generated downtime event for line 8 on 20220123
20220123,17,OTHER,37,Auto-generated downtime event for line 17 on 20220123
20220123,17,NOFRUIT,6,Auto-generated downtime event for line 17 on 20220123
20220124,7,OTHER,14,Auto-generated downtime event for line 7 on 20220124
20220124,9,OTHER,83,Auto-generated downtime event for line 9 on 20220124
20220129,15,OTHER,34,Auto-generated downtime event for line 15 on 20220129
20220131,11,CHANGEOVER,11,Auto-generated downtime event for line 11 on 20220131
20220131,15,OTHER,56,Auto-generated downtime event for line 15 on 20220131
20220201,18,CLEANING,61,Auto-generated downtime event for line 18 on 20220201
20220202,14,CHANGEOVER,35,Auto-generated downtime event for line 14 on 20220202
20220202,14,NOFRUIT,53,Auto-generated downtime event for line 14 on 20220202
20220208,1,OTHER,27,Auto-generated downtime event for line 1 on 20220208
20220209,8,BREAKDOWN,37,Auto-generated downtime event for line 8 on 20220209
20220209,17,BREAKDOWN,15,Auto-generated downtime event for line 17 on 20220209
20220210,8,BREAKDOWN,83,Auto-generated downtime event for line 8 on 20220210
20220211,2,BREAKDOWN,19,Auto-generated downtime event for line 2 on 20220211
20220212,4,NOFRUIT,37,Auto-generated downtime event for line 4 on 20220212
20220212,13,OTHER,21,Auto-generated downtime event for line 13 on 20220212
20220213,13,CHANGEOVER,34,Auto-generated downtime event for line 13 on 20220213
20220216,2,OTHER,16,Auto-generated downtime event for line 2 on 20220216
20220216,12,BREAKDOWN,63,Auto-generated downtime event for line 12 on 20220216
20220216,14,CHANGEOVER,61,Auto-generated downtime event for line 14 on 20220216
20220217,3,OTHER,81,Auto-generated downtime event for line 3 on 20220217
20220217,18,BREAKDOWN,87,Auto-generated downtime event for line 18 on 20220217
20220222,5,NOFRUIT,53,Auto-generated downtime event for line 5 on 20220222
20220223,12,OTHER,66,Auto-generated downtime event for line 12 on 20220223
20220224,2,NOFRUIT,17,Auto-generated downtime event for line 2 on 20220224
20220225,5,NOFRUIT,68,Auto-generated downtime event for line 5 on 20220225
20220226,1,CHANGEOVER,86,Auto-generated downtime event for line 1 on 20220226
20220303,10,CHANGEOVER,84,Auto-generated downtime event for line 10 on 20220303
20220305,6,CLEANING,18,Auto-generated downtime event for line 6 on 20220305
20220305,9,OTHER,20,Auto-generated downtime event for line 9 on 20220305
20220307,12,BREAKDOWN,20,Auto-generated downtime event for line 12 on 20220307
20220309,2,CHANGEOVER,92,Auto-generated downtime event for line 2 on 20220309
20220309,2,OTHER,85,Auto-generated downtime event for line 2 on 20220309
20220310,3,OTHER,58,Auto-generated downtime event for line 3 on 20220310
20220310,12,BREAKDOWN,93,Auto-generated downtime event for line 12 on 20220310
20220311,3,BREAKDOWN,56,Auto-generated downtime event for line 3 on 20220311
20220313,1,BREAKDOWN,58,Auto-generated downtime event for line 1 on 20220313
20220313,15,BREAKDOWN,28,Auto-generated downtime event for line 15 on 20220313
20220314,11,NOFRUIT,16,Auto-generated downtime event for line 11 on 20220314
20220315,1,CLEANING,88,Auto-generated downtime event for line 1 on 20220315
20220315,14,BREAKDOWN,76,Auto-generated downtime event for line 14 on 20220315
20220316,10,OTHER,36,Auto-generated downtime event for line 10 on 20220316
20220316,15,BREAKDOWN,59,Auto-generated downtime event for line 15 on 20220316
20220316,16,BREAKDOWN,28,Auto-generated downtime event for line 16 on 20220316
20220317,6,CLEANING,62,Auto-generated downtime event for line 6 on 20220317
20220317,10,OTHER,80,Auto-generated downtime event for line 10 on 20220317
20220319,12,OTHER,85,Auto-generated downtime event for line 12 on 20220319
20220323,8,OTHER,68,Auto-generated downtime event for line 8 on 20220323
20220324,15,BREAKDOWN,56,Auto-generated downtime event for line 15 on 20220324
20220325,3,OTHER,21,Auto-generated downtime event for line 3 on 20220325
20220326,4,CHANGEOVER,29,Auto-generated downtime event for line 4 on 20220326
20220327,11,CHANGEOVER,85,Auto-generated downtime event for line 11 on 20220327
20220328,15,OTHER,88,Auto-generated downtime event for line 15 on 20220328
20220331,7,NOFRUIT,62,Auto-generated downtime event for line 7 on 20220331
20220401,8,OTHER,49,Auto-generated downtime event for line 8 on 20220401
20220402,9,OTHER,85,Auto-generated downtime event for line 9 on 20220402
20220402,15,CLEANING,79,Auto-generated downtime event for line 15 on 20220402
20220404,2,CHANGEOVER,89,Auto-generated downtime event for line 2 on 20220404
20220404,6,CHANGEOVER,84,Auto-generated downtime event for line 6 on 20220404
20220404,10,BREAKDOWN,69,Auto-generated downtime event for line 10 on 20220404
20220405,16,NOFRUIT,58,Auto-generated downtime event for line 16 on 20220405
20220406,8,CHANGEOVER,78,Auto-generated downtime event for line 8 on 20220406
20220407,10,BREAKDOWN,90,Auto-generated downtime event for line 10 on 20220407
20220409,11,CLEANING,84,Auto-generated downtime event for line 11 on 20220409
20220412,14,CLEANING,48,Auto-generated downtime event for line 14 on 20220412
20220414,14,NOFRUIT,71,Auto-generated downtime event for line 14 on 20220414
20220415,10,NOFRUIT,18,Auto-generated downtime event for line 10 on 20220415
20220419,5,CLEANING,40,Auto-generated downtime event for line 5 on 20220419
20220419,12,NOFRUIT,19,Auto-generated downtime event for line 12 on 20220419
20220419,13,NOFRUIT,55,Auto-generated downtime event for line 13 on 20220419
20220421,1,CLEANING,88,Auto-generated downtime event for line 1 on 20220421
20220424,2,BREAKDOWN,10,Auto-generated downtime event for line 2 on 20220424
20220427,7,CLEANING,93,Auto-generated downtime event for line 7 on 20220427
20220428,11,CHANGEOVER,21,Auto-generated downtime event for line 11 on 20220428
20220430,10,OTHER,29,Auto-generated downtime event for line 10 on 20220430
20220501,17,OTHER,34,Auto-generated downtime event for line 17 on 20220501
20220502,15,CHANGEOVER,41,Auto-generated downtime event for line 15 on 20220502
20220502,17,CLEANING,42,Auto-generated downtime event for line 17 on 20220502
20220503,1,CLEANING,86,Auto-generated downtime event for line 1 on 20220503
20220503,18,CHANGEOVER,21,Auto-generated downtime event for line 18 on 20220503
20220504,8,OTHER,15,Auto-generated downtime event for line 8 on 20220504
20220507,7,CLEANING,13,Auto-generated downtime event for line 7 on 20220507
20220507,15,CHANGEOVER,20,Auto-generated downtime event for line 15 on 20220507
20220508,2,CLEANING,75,Auto-generated downtime event for line 2 on 20220508
20220509,17,NOFRUIT,14,Auto-generated downtime event for line 17 on 20220509
20220512,6,BREAKDOWN,78,Auto-generated downtime event for line 6 on 20220512
20220513,2,OTHER,13,Auto-generated downtime event for line 2 on 20220513
20220513,4,OTHER,29,Auto-generated downtime event for line 4 on 20220513
20220515,18,BREAKDOWN,65,Auto-generated downtime event for line 18 on 20220515
20220518,3,CHANGEOVER,21,Auto-generated downtime event for line 3 on 20220518
20220519,12,OTHER,88,Auto-generated downtime event for line 12 on 20220519
20220519,13,OTHER,73,Auto-generated downtime event for line 13 on 20220519
20220520,14,BREAKDOWN,72,Auto-generated downtime event for line 14 on 20220520
20220521,3,OTHER,16,Auto-generated downtime event for line 3 on 20220521
20220523,15,BREAKDOWN,5,Auto-generated downtime event for line 15 on 20220523
20220525,4,CLEANING,24,Auto-generated downtime event for line 4 on 20220525
20220529,8,OTHER,10,Auto-generated downtime event for line 8 on 20220529
20220531,16,CHANGEOVER,24,Auto-generated downtime event for line 16 on 20220531
20220602,17,OTHER,50,Auto-generated downtime event for line 17 on 20220602
20220604,6,BREAKDOWN,21,Auto-generated downtime event for line 6 on 20220604
20220605,4,OTHER,89,Auto-generated downtime event for line 4 on 20220605
20220607,18,NOFRUIT,30,Auto-generated downtime event for line 18 on 20220607
20220608,2,CHANGEOVER,91,Auto-generated downtime event for line 2 on 20220608
20220610,17,BREAKDOWN,9,Auto-generated downtime event for line 17 on 20220610
20220611,4,CHANGEOVER,71,Auto-generated downtime event for line 4 on 20220611
20220616,8,OTHER,12,Auto-generated downtime event for line 8 on 20220616
20220616,15,OTHER,12,Auto-generated downtime event for line 15 on 20220616
20220618,12,NOFRUIT,93,Auto-generated downtime event for line 12 on 20220618
20220618,13,BREAKDOWN,31,Auto-generated downtime event for line 13 on 20220618
20220620,14,BREAKDOWN,87,Auto-generated downtime event for line 14 on 20220620
20220622,3,OTHER,70,Auto-generated downtime event for line 3 on 20220622
20220622,7,CHANGEOVER,91,Auto-generated downtime event for line 7 on 20220622
20220623,8,CHANGEOVER,92,Auto-generated downtime event for line 8 on 20220623
20220623,12,OTHER,33,Auto-generated downtime event for line 12 on 20220623
20220624,10,BREAKDOWN,27,Auto-generated downtime event for line 10 on 20220624
20220626,12,CHANGEOVER,17,Auto-generated downtime event for line 12 on 20220626
20220626,15,OTHER,12,Auto-generated downtime event for line 15 on 20220626
20220630,11,OTHER,50,Auto-generated downtime event for line 11 on 20220630
20220630,15,BREAKDOWN,58,Auto-generated downtime event for line 15 on 20220630
20220701,10,BREAKDOWN,43,Auto-generated downtime event for line 10 on 20220701
20220702,2,OTHER,87,Auto-generated downtime event for line 2 on 20220702
20220703,5,OTHER,20,Auto-generated downtime event for line 5 on 20220703
20220704,10,NOFRUIT,78,Auto-generated downtime event for line 10 on 20220704
20220705,11,OTHER,11,Auto-generated downtime event for line 11 on 20220705
20220706,3,CLEANING,57,Auto-generated downtime event for line 3 on 20220706
20220707,15,CLEANING,40,Auto-generated downtime event for line 15 on 20220707
20220709,18,OTHER,27,Auto-generated downtime event for line 18 on 20220709
20220710,6,OTHER,5,Auto-generated downtime event for line 6 on 20220710
20220714,15,OTHER,72,Auto-generated downtime event for line 15 on 20220714
20220714,15,OTHER,27,Auto-generated downtime event for line 15 on 20220714
20220715,1,BREAKDOWN,48,Auto-generated downtime event for line 1 on 20220715
20220716,3,OTHER,54,Auto-generated downtime event for line 3 on 20220716
20220718,13,NOFRUIT,57,Auto-generated downtime event for line 13 on 20220718
20220718,18,OTHER,70,Auto-generated downtime event for line 18 on 20220718
20220724,9,BREAKDOWN,19,Auto-generated downtime event for line 9 on 20220724
20220726,2,CLEANING,29,Auto-generated downtime event for line 2 on 20220726
20220727,13,CHANGEOVER,78,Auto-generated downtime event for line 13 on 20220727
20220728,14,OTHER,28,Auto-generated downtime event for line 14 on 20220728
20220731,15,BREAKDOWN,15,Auto-generated downtime event for line 15 on 20220731
20220809,6,BREAKDOWN,48,Auto-generated downtime event for line 6 on 20220809
20220811,4,CLEANING,17,Auto-generated downtime event for line 4 on 20220811
20220813,2,OTHER,58,Auto-generated downtime event for line 2 on 20220813
20220814,2,CHANGEOVER,20,Auto-generated downtime event for line 2 on 20220814
20220814,7,BREAKDOWN,92,Auto-generated downtime event for line 7 on 20220814
20220814,7,NOFRUIT,6,Auto-generated downtime event for line 7 on 20220814
20220814,17,CHANGEOVER,50,Auto-generated downtime event for line 17 on 20220814
20220815,5,BREAKDOWN,79,Auto-generated downtime event for line 5 on 20220815
20220817,8,OTHER,91,Auto-generated downtime event for line 8 on 20220817
20220818,2,NOFRUIT,93,Auto-generated downtime event for line 2 on 20220818
20220820,3,OTHER,56,Auto-generated downtime event for line 3 on 20220820
20220820,10,OTHER,28,Auto-generated downtime event for line 10 on 20220820
20220820,18,OTHER,16,Auto-generated downtime event for line 18 on 20220820
20220821,8,CLEANING,89,Auto-generated downtime event for line 8 on 20220821
20220823,9,OTHER,76,Auto-generated downtime event for line 9 on 20220823
20220824,4,BREAKDOWN,43,Auto-generated downtime event for line 4 on 20220824
20220824,6,OTHER,17,Auto-generated downtime event for line 6 on 20220824
20220824,18,CLEANING,26,Auto-generated downtime event for line 18 on 20220824
20220825,12,CLEANING,90,Auto-generated downtime event for line 12 on 20220825
20220826,9,OTHER,84,Auto-generated downtime event for line 9 on 20220826
20220826,10,OTHER,65,Auto-generated downtime event for line 10 on 20220826
20220828,15,BREAKDOWN,80,Auto-generated downtime event for line 15 on 20220828
20220829,10,NOFRUIT,63,Auto-generated downtime event for line 10 on 20220829
20220901,10,OTHER,79,Auto-generated downtime event for line 10 on 20220901
20220901,15,OTHER,81,Auto-generated downtime event for line 15 on 20220901
20220902,1,OTHER,25,Auto-generated downtime event for line 1 on 20220902
20220903,6,CLEANING,18,Auto-generated downtime event for line 6 on 20220903
20220903,14,CHANGEOVER,31,Auto-generated downtime event for line 14 on 20220903
20220904,15,BREAKDOWN,46,Auto-generated downtime event for line 15 on 20220904
20220907,7,BREAKDOWN,41,Auto-generated downtime event for line 7 on 20220907
20220907,17,CHANGEOVER,63,Auto-generated downtime event for line 17 on 20220907
20220908,4,BREAKDOWN,32,Auto-generated downtime event for line 4 on 20220908
20220910,5,OTHER,72,Auto-generated downtime event for line 5 on 20220910
20220910,9,OTHER,68,Auto-generated downtime event for line 9 on 20220910
20220915,15,OTHER,51,Auto-generated downtime event for line 15 on 20220915
20220916,8,OTHER,46,Auto-generated downtime event for line 8 on 20220916
20220916,15,OTHER,77,Auto-generated downtime event for line 15 on 20220916
20220916,16,BREAKDOWN,12,Auto-generated downtime event for line 16 on 20220916
20220919,17,OTHER,12,Auto-generated downtime event for line 17 on 20220919
20220919,17,CLEANING,41,Auto-generated downtime event for line 17 on 20220919
20220923,7,OTHER,48,Auto-generated downtime event for line 7 on 20220923
20220925,8,OTHER,94,Auto-generated downtime event for line 8 on 20220925
20220925,9,OTHER,45,Auto-generated downtime event for line 9 on 20220925
20220926,5,CLEANING,32,Auto-generated downtime event for line 5 on 20220926
20220926,12,OTHER,60,Auto-generated downtime event for line 12 on 20220926
20220929,17,OTHER,58,Auto-generated downtime event for line 17 on 20220929
20220929,18,OTHER,89,Auto-generated downtime event for line 18 on 20220929
20221004,3,CLEANING,31,Auto-generated downtime event for line 3 on 20221004
20221005,8,CLEANING,25,Auto-generated downtime event for line 8 on 20221005
20221009,2,CHANGEOVER,59,Auto-generated downtime event for line 2 on 20221009
20221014,16,CHANGEOVER,46,Auto-generated downtime event for line 16 on 20221014
20221019,4,OTHER,76,Auto-generated downtime event for line 4 on 20221019
20221019,16,OTHER,91,Auto-generated downtime event for line 16 on 20221019
20221024,6,OTHER,74,Auto-generated downtime event for line 6 on 20221024
20221024,16,OTHER,79,Auto-generated downtime event for line 16 on 20221024
20221025,1,CLEANING,60,Auto-generated downtime event for line 1 on 20221025
20221029,7,CHANGEOVER,19,Auto-generated downtime event for line 7 on 20221029
20221031,12,OTHER,61,Auto-generated downtime event for line 12 on 20221031
20221101,12,OTHER,31,Auto-generated downtime event for line 12 on 20221101
20221104,4,BREAKDOWN,57,Auto-generated downtime event for line 4 on 20221104
20221104,9,OTHER,56,Auto-generated downtime event for line 9 on 20221104
20221106,15,OTHER,20,Auto-generated downtime event for line 15 on 20221106
20221106,17,CLEANING,54,Auto-generated downtime event for line 17 on 20221106
20221109,16,CLEANING,33,Auto-generated downtime event for line 16 on 20221109
20221113,2,OTHER,43,Auto-generated downtime event for line 2 on 20221113
20221113,6,OTHER,19,Auto-generated downtime event for line 6 on 20221113
20221115,5,NOFRUIT,46,Auto-generated downtime event for line 5 on 20221115
20221116,11,BREAKDOWN,25,Auto-generated downtime event for line 11 on 20221116
20221116,16,OTHER,36,Auto-generated downtime event for line 16 on 20221116
20221118,11,BREAKDOWN,16,Auto-generated downtime event for line 11 on 20221118
20221119,10,CHANGEOVER,83,Auto-generated downtime event for line 10 on 20221119
20221121,1,OTHER,32,Auto-generated downtime event for line 1 on 20221121
20221123,2,CHANGEOVER,81,Auto-generated downtime event for line 2 on 20221123
20221123,3,OTHER,42,Auto-generated downtime event for line 3 on 20221123
20221125,10,BREAKDOWN,34,Auto-generated downtime event for line 10 on 20221125
20221126,12,OTHER,86,Auto-generated downtime event for line 12 on 20221126
20221130,17,CLEANING,23,Auto-generated downtime event for line 17 on 20221130
20221201,4,BREAKDOWN,14,Auto-generated downtime event for line 4 on 20221201
20221201,17,CLEANING,43,Auto-generated downtime event for line 17 on 20221201
20221202,10,OTHER,74,Auto-generated downtime event for line 10 on 20221202
20221203,16,CLEANING,6,Auto-generated downtime event for line 16 on 20221203
20221204,11,OTHER,17,Auto-generated downtime event for line 11 on 20221204
20221205,13,OTHER,70,Auto-generated downtime event for line 13 on 20221205
20221207,13,CHANGEOVER,72,Auto-generated downtime event for line 13 on 20221207
20221208,13,CHANGEOVER,8,Auto-generated downtime event for line 13 on 20221208
20221209,17,OTHER,60,Auto-generated downtime event for line 17 on 20221209
20221210,4,BREAKDOWN,64,Auto-generated downtime event for line 4 on 20221210
20221210,13,CLEANING,31,Auto-generated downtime event for line 13 on 20221210
20221210,18,NOFRUIT,22,Auto-generated downtime event for line 18 on 20221210
20221213,8,CHANGEOVER,21,Auto-generated downtime event for line 8 on 20221213
20221214,14,CHANGEOVER,48,Auto-generated downtime event for line 14 on 20221214
20221215,12,BREAKDOWN,87,Auto-generated downtime event for line 12 on 20221215
20221220,10,BREAKDOWN,93,Auto-generated downtime event for line 10 on 20221220
20221221,10,OTHER,13,Auto-generated downtime event for line 10 on 20221221
20221223,8,CHANGEOVER,44,Auto-generated downtime event for line 8 on 20221223
20221223,12,OTHER,25,Auto-generated downtime event for line 12 on 20221223
20221223,14,BREAKDOWN,49,Auto-generated downtime event for line 14 on 20221223
20221223,16,CLEANING,8,Auto-generated downtime event for line 16 on 20221223
20221224,10,CHANGEOVER,22,Auto-generated downtime event for line 10 on 20221224
20221224,11,OTHER,30,Auto-generated downtime event for line 11 on 20221224
20221226,8,OTHER,44,Auto-generated downtime event for line 8 on 20221226
20230102,1,OTHER,73,Auto-generated downtime event for line 1 on 20230102
20230106,1,OTHER,42,Auto-generated downtime event for line 1 on 20230106
20230106,12,BREAKDOWN,16,Auto-generated downtime event for line 12 on 20230106
20230108,10,CHANGEOVER,77,Auto-generated downtime event for line 10 on 20230108
20230114,14,BREAKDOWN,66,Auto-generated downtime event for line 14 on 20230114
20230117,8,NOFRUIT,46,Auto-generated downtime event for line 8 on 20230117
20230117,16,CHANGEOVER,10,Auto-generated downtime event for line 16 on 20230117
20230120,5,OTHER,64,Auto-generated downtime event for line 5 on 20230120
20230122,10,OTHER,81,Auto-generated downtime event for line 10 on 20230122
20230122,13,OTHER,18,Auto-generated downtime event for line 13 on 20230122
20230123,10,OTHER,16,Auto-generated downtime event for line 10 on 20230123
20230124,14,BREAKDOWN,65,Auto-generated downtime event for line 14 on 20230124
20230125,15,CHANGEOVER,26,Auto-generated downtime event for line 15 on 20230125
20230126,3,BREAKDOWN,23,Auto-generated downtime event for line 3 on 20230126
20230127,6,OTHER,49,Auto-generated downtime event for line 6 on 20230127
20230130,1,CHANGEOVER,31,Auto-generated downtime event for line 1 on 20230130
20230131,8,CHANGEOVER,89,Auto-generated downtime event for line 8 on 20230131
20230202,4,NOFRUIT,55,Auto-generated downtime event for line 4 on 20230202
20230207,3,NOFRUIT,48,Auto-generated downtime event for line 3 on 20230207
20230210,8,OTHER,12,Auto-generated downtime event for line 8 on 20230210
20230210,13,OTHER,86,Auto-generated downtime event for line 13 on 20230210
20230211,3,CLEANING,15,Auto-generated downtime event for line 3 on 20230211
20230212,3,OTHER,65,Auto-generated downtime event for line 3 on 20230212
20230212,5,CHANGEOVER,86,Auto-generated downtime event for line 5 on 20230212
20230213,7,OTHER,77,Auto-generated downtime event for line 7 on 20230213
20230214,12,NOFRUIT,80,Auto-generated downtime event for line 12 on 20230214
20230215,15,OTHER,52,Auto-generated downtime event for line 15 on 20230215
20230217,4,CLEANING,10,Auto-generated downtime event for line 4 on 20230217
20230217,14,NOFRUIT,55,Auto-generated downtime event for line 14 on 20230217
20230218,8,BREAKDOWN,42,Auto-generated downtime event for line 8 on 20230218
20230218,17,NOFRUIT,11,Auto-generated downtime event for line 17 on 20230218
20230219,2,CHANGEOVER,54,Auto-generated downtime event for line 2 on 20230219
20230220,9,OTHER,79,Auto-generated downtime event for line 9 on 20230220
20230224,9,BREAKDOWN,88,Auto-generated downtime event for line 9 on 20230224
20230225,6,OTHER,54,Auto-generated downtime event for line 6 on 20230225
20230225,12,CHANGEOVER,27,Auto-generated downtime event for line 12 on 20230225
20230226,14,CHANGEOVER,47,Auto-generated downtime event for line 14 on 20230226
20230227,9,CHANGEOVER,28,Auto-generated downtime event for line 9 on 20230227
20230303,1,BREAKDOWN,23,Auto-generated downtime event for line 1 on 20230303
20230303,13,NOFRUIT,93,Auto-generated downtime event for line 13 on 20230303
20230304,4,CHANGEOVER,41,Auto-generated downtime event for line 4 on 20230304
20230304,15,OTHER,41,Auto-generated downtime event for line 15 on 20230304
20230304,17,CLEANING,10,Auto-generated downtime event for line 17 on 20230304
20230305,4,BREAKDOWN,68,Auto-generated downtime event for line 4 on 20230305
20230306,2,NOFRUIT,14,Auto-generated downtime event for line 2 on 20230306
20230306,11,BREAKDOWN,66,Auto-generated downtime event for line 11 on 20230306
20230308,18,OTHER,19,Auto-generated downtime event for line 18 on 20230308
20230310,5,CLEANING,40,Auto-generated downtime event for line 5 on 20230310
20230313,7,NOFRUIT,52,Auto-generated downtime event for line 7 on 20230313
20230316,13,CLEANING,35,Auto-generated downtime event for line 13 on 20230316
20230318,3,NOFRUIT,75,Auto-generated downtime event for line 3 on 20230318
20230320,4,OTHER,50,Auto-generated downtime event for line 4 on 20230320
20230320,7,OTHER,8,Auto-generated downtime event for line 7 on 20230320
20230320,16,OTHER,69,Auto-generated downtime event for line 16 on 20230320
20230321,2,OTHER,63,Auto-generated downtime event for line 2 on 20230321
20230322,2,BREAKDOWN,64,Auto-generated downtime event for line 2 on 20230322
20230323,3,OTHER,70,Auto-generated downtime event for line 3 on 20230323
20230323,17,BREAKDOWN,17,Auto-generated downtime event for line 17 on 20230323
20230324,6,CLEANING,88,Auto-generated downtime event for line 6 on 20230324
20230328,16,BREAKDOWN,40,Auto-generated downtime event for line 16 on 20230328
20230330,1,NOFRUIT,16,Auto-generated downtime event for line 1 on 20230330
20230330,7,BREAKDOWN,5,Auto-generated downtime event for line 7 on 20230330
20230330,11,BREAKDOWN,91,Auto-generated downtime event for line 11 on 20230330
20230331,4,OTHER,21,Auto-generated downtime event for line 4 on 20230331
20230401,16,OTHER,83,Auto-generated downtime event for line 16 on 20230401
20230402,1,CHANGEOVER,47,Auto-generated downtime event for line 1 on 20230402
20230405,9,NOFRUIT,40,Auto-generated downtime event for line 9 on 20230405
20230405,18,OTHER,23,Auto-generated downtime event for line 18 on 20230405
20230408,3,OTHER,75,Auto-generated downtime event for line 3 on 20230408
20230411,4,BREAKDOWN,20,Auto-generated downtime event for line 4 on 20230411
20230411,13,CLEANING,51,Auto-generated downtime event for line 13 on 20230411
20230411,13,OTHER,87,Auto-generated downtime event for line 13 on 20230411
20230411,17,CHANGEOVER,29,Auto-generated downtime event for line 17 on 20230411
20230412,4,CLEANING,31,Auto-generated downtime event for line 4 on 20230412
20230413,12,CLEANING,44,Auto-generated downtime event for line 12 on 20230413
20230415,15,BREAKDOWN,71,Auto-generated downtime event for line 15 on 20230415
20230416,5,NOFRUIT,76,Auto-generated downtime event for line 5 on 20230416
20230418,4,NOFRUIT,54,Auto-generated downtime event for line 4 on 20230418
20230418,17,OTHER,59,Auto-generated downtime event for line 17 on 20230418
20230421,2,NOFRUIT,76,Auto-generated downtime event for line 2 on 20230421
20230423,1,CLEANING,32,Auto-generated downtime event for line 1 on 20230423
20230424,4,CHANGEOVER,64,Auto-generated downtime event for line 4 on 20230424
20230424,5,CHANGEOVER,79,Auto-generated downtime event for line 5 on 20230424
20230425,18,OTHER,39,Auto-generated downtime event for line 18 on 20230425
20230427,8,OTHER,60,Auto-generated downtime event for line 8 on 20230427
20230427,11,CLEANING,90,Auto-generated downtime event for line 11 on 20230427
20230427,14,OTHER,62,Auto-generated downtime event for line 14 on 20230427
20230429,12,OTHER,11,Auto-generated downtime event for line 12 on 20230429
20230430,14,BREAKDOWN,53,Auto-generated downtime event for line 14 on 20230430
20230430,17,OTHER,57,Auto-generated downtime event for line 17 on 20230430
20230503,9,BREAKDOWN,60,Auto-generated downtime event for line 9 on 20230503
20230505,1,NOFRUIT,10,Auto-generated downtime event for line 1 on 20230505
20230505,14,BREAKDOWN,65,Auto-generated downtime event for line 14 on 20230505
20230506,14,CHANGEOVER,81,Auto-generated downtime event for line 14 on 20230506
20230509,2,OTHER,59,Auto-generated downtime event for line 2 on 20230509
20230511,12,OTHER,25,Auto-generated downtime event for line 12 on 20230511
20230511,18,BREAKDOWN,53,Auto-generated downtime event for line 18 on 20230511
20230516,13,CHANGEOVER,27,Auto-generated downtime event for line 13 on 20230516
20230518,3,BREAKDOWN,64,Auto-generated downtime event for line 3 on 20230518
20230518,14,CLEANING,55,Auto-generated downtime event for line 14 on 20230518
20230521,3,OTHER,81,Auto-generated downtime event for line 3 on 20230521
20230522,3,OTHER,86,Auto-generated downtime event for line 3 on 20230522
20230523,2,OTHER,89,Auto-generated downtime event for line 2 on 20230523
20230529,17,BREAKDOWN,63,Auto-generated downtime event for line 17 on 20230529
20230530,6,OTHER,87,Auto-generated downtime event for line 6 on 20230530
20230531,14,CHANGEOVER,15,Auto-generated downtime event for line 14 on 20230531
20230602,6,CHANGEOVER,78,Auto-generated downtime event for line 6 on 20230602
20230603,5,CHANGEOVER,30,Auto-generated downtime event for line 5 on 20230603
20230607,10,OTHER,43,Auto-generated downtime event for line 10 on 20230607
20230614,1,CLEANING,54,Auto-generated downtime event for line 1 on 20230614
20230616,6,OTHER,71,Auto-generated downtime event for line 6 on 20230616
20230618,15,BREAKDOWN,87,Auto-generated downtime event for line 15 on 20230618
20230618,16,BREAKDOWN,61,Auto-generated downtime event for line 16 on 20230618
20230621,2,OTHER,75,Auto-generated downtime event for line 2 on 20230621
20230623,18,CHANGEOVER,50,Auto-generated downtime event for line 18 on 20230623
20230626,2,CLEANING,27,Auto-generated downtime event for line 2 on 20230626
20230626,11,CHANGEOVER,46,Auto-generated downtime event for line 11 on 20230626
20230627,4,CLEANING,59,Auto-generated downtime event for line 4 on 20230627
20230627,14,BREAKDOWN,11,Auto-generated downtime event for line 14 on 20230627
20230628,9,NOFRUIT,60,Auto-generated downtime event for line 9 on 20230628
20230702,15,NOFRUIT,41,Auto-generated downtime event for line 15 on 20230702
20230702,18,OTHER,74,Auto-generated downtime event for line 18 on 20230702
20230704,12,OTHER,24,Auto-generated downtime event for line 12 on 20230704
20230706,11,NOFRUIT,9,Auto-generated downtime event for line 11 on 20230706
20230707,10,BREAKDOWN,47,Auto-generated downtime event for line 10 on 20230707
20230708,17,OTHER,88,Auto-generated downtime event for line 17 on 20230708
20230710,16,OTHER,63,Auto-generated downtime event for line 16 on 20230710
20230711,6,OTHER,21,Auto-generated downtime event for line 6 on 20230711
20230711,16,OTHER,71,Auto-generated downtime event for line 16 on 20230711
20230713,1,OTHER,37,Auto-generated downtime event for line 1 on 20230713
20230714,8,OTHER,12,Auto-generated downtime event for line 8 on 20230714
20230716,1,CLEANING,26,Auto-generated downtime event for line 1 on 20230716
20230717,18,OTHER,42,Auto-generated downtime event for line 18 on 20230717
20230718,1,CLEANING,84,Auto-generated downtime event for line 1 on 20230718
20230719,8,CHANGEOVER,56,Auto-generated downtime event for line 8 on 20230719
20230720,3,OTHER,53,Auto-generated downtime event for line 3 on 20230720
20230723,11,OTHER,56,Auto-generated downtime event for line 11 on 20230723
20230724,13,OTHER,40,Auto-generated downtime event for line 13 on 20230724
20230724,14,OTHER,30,Auto-generated downtime event for line 14 on 20230724
20230729,10,BREAKDOWN,75,Auto-generated downtime event for line 10 on 20230729
20230804,3,OTHER,60,Auto-generated downtime event for line 3 on 20230804
20230804,11,OTHER,40,Auto-generated downtime event for line 11 on 20230804
20230805,10,OTHER,72,Auto-generated downtime event for line 10 on 20230805
20230807,2,OTHER,57,Auto-generated downtime event for line 2 on 20230807
20230807,11,OTHER,21,Auto-generated downtime event for line 11 on 20230807
20230809,6,CHANGEOVER,92,Auto-generated downtime event for line 6 on 20230809
20230813,2,CLEANING,68,Auto-generated downtime event for line 2 on 20230813
20230813,12,OTHER,64,Auto-generated downtime event for line 12 on 20230813
20230814,8,CHANGEOVER,55,Auto-generated downtime event for line 8 on 20230814
20230814,16,OTHER,46,Auto-generated downtime event for line 16 on 20230814
20230815,13,BREAKDOWN,65,Auto-generated downtime event for line 13 on 20230815
20230817,18,CLEANING,7,Auto-generated downtime event for line 18 on 20230817
20230820,6,OTHER,12,Auto-generated downtime event for line 6 on 20230820
20230821,6,CLEANING,10,Auto-generated downtime event for line 6 on 20230821
20230822,18,NOFRUIT,26,Auto-generated downtime event for line 18 on 20230822
20230825,9,CHANGEOVER,13,Auto-generated downtime event for line 9 on 20230825
20230825,16,OTHER,60,Auto-generated downtime event for line 16 on 20230825
20230827,16,NOFRUIT,91,Auto-generated downtime event for line 16 on 20230827
20230828,16,CHANGEOVER,77,Auto-generated downtime event for line 16 on 20230828
20230828,18,OTHER,37,Auto-generated downtime event for line 18 on 20230828
20230828,18,OTHER,37,Auto-generated downtime event for line 18 on 20230828
20230829,4,OTHER,52,Auto-generated downtime event for line 4 on 20230829
20230829,7,CLEANING,54,Auto-generated downtime event for line 7 on 20230829
20230831,18,CHANGEOVER,23,Auto-generated downtime event for line 18 on 20230831
20230902,10,CLEANING,53,Auto-generated downtime event for line 10 on 20230902
20230903,9,BREAKDOWN,25,Auto-generated downtime event for line 9 on 20230903
20230907,3,OTHER,62,Auto-generated downtime event for line 3 on 20230907
20230908,7,OTHER,39,Auto-generated downtime event for line 7 on 20230908
20230908,16,OTHER,49,Auto-generated downtime event for line 16 on 20230908
20230909,6,CLEANING,28,Auto-generated downtime event for line 6 on 20230909
20230910,2,CLEANING,57,Auto-generated downtime event for line 2 on 20230910
20230911,4,CHANGEOVER,38,Auto-generated downtime event for line 4 on 20230911
20230912,2,CHANGEOVER,32,Auto-generated downtime event for line 2 on 20230912
20230912,5,NOFRUIT,26,Auto-generated downtime event for line 5 on 20230912
20230912,7,OTHER,42,Auto-generated downtime event for line 7 on 20230912
20230915,9,NOFRUIT,85,Auto-generated downtime event for line 9 on 20230915
20230919,8,OTHER,10,Auto-generated downtime event for line 8 on 20230919
20230920,5,OTHER,87,Auto-generated downtime event for line 5 on 20230920
20230921,14,CLEANING,22,Auto-generated downtime event for line 14 on 20230921
20230922,12,OTHER,45,Auto-generated downtime event for line 12 on 20230922
20230923,11,BREAKDOWN,39,Auto-generated downtime event for line 11 on 20230923
20230925,12,CLEANING,78,Auto-generated downtime event for line 12 on 20230925
20230925,16,OTHER,25,Auto-generated downtime event for line 16 on 20230925
20230926,10,CHANGEOVER,13,Auto-generated downtime event for line 10 on 20230926
20230927,3,OTHER,39,Auto-generated downtime event for line 3 on 20230927
20230930,5,OTHER,54,Auto-generated downtime event for line 5 on 20230930
20230930,14,CHANGEOVER,62,Auto-generated downtime event for line 14 on 20230930
20231003,5,CLEANING,57,Auto-generated downtime event for line 5 on 20231003
20231004,8,OTHER,63,Auto-generated downtime event for line 8 on 20231004
20231005,15,NOFRUIT,77,Auto-generated downtime event for line 15 on 20231005
20231007,17,BREAKDOWN,83,Auto-generated downtime event for line 17 on 20231007
20231008,5,OTHER,25,Auto-generated downtime event for line 5 on 20231008
20231012,12,OTHER,66,Auto-generated downtime event for line 12 on 20231012
20231016,8,BREAKDOWN,92,Auto-generated downtime event for line 8 on 20231016
20231017,10,BREAKDOWN,14,Auto-generated downtime event for line 10 on 20231017
20231017,14,OTHER,31,Auto-generated downtime event for line 14 on 20231017
20231019,8,BREAKDOWN,58,Auto-generated downtime event for line 8 on 20231019
20231020,17,OTHER,69,Auto-generated downtime event for line 17 on 20231020
20231023,2,OTHER,7,Auto-generated downtime event for line 2 on 20231023
20231025,2,OTHER,47,Auto-generated downtime event for line 2 on 20231025
20231025,8,OTHER,76,Auto-generated downtime event for line 8 on 20231025
20231029,10,BREAKDOWN,45,Auto-generated downtime event for line 10 on 20231029
20231030,17,NOFRUIT,48,Auto-generated downtime event for line 17 on 20231030
20231101,10,BREAKDOWN,76,Auto-generated downtime event for line 10 on 20231101
20231104,14,OTHER,26,Auto-generated downtime event for line 14 on 20231104
20231107,11,CLEANING,20,Auto-generated downtime event for line 11 on 20231107
20231108,5,OTHER,14,Auto-generated downtime event for line 5 on 20231108
20231108,13,BREAKDOWN,91,Auto-generated downtime event for line 13 on 20231108
20231114,11,CHANGEOVER,11,Auto-generated downtime event for line 11 on 20231114
20231120,15,BREAKDOWN,46,Auto-generated downtime event for line 15 on 20231120
20231121,2,NOFRUIT,66,Auto-generated downtime event for line 2 on 20231121
20231122,12,NOFRUIT,21,Auto-generated downtime event for line 12 on 20231122
20231123,14,OTHER,74,Auto-generated downtime event for line 14 on 20231123
20231128,1,OTHER,36,Auto-generated downtime event for line 1 on 20231128
20231130,8,BREAKDOWN,76,Auto-generated downtime event for line 8 on 20231130
20231202,4,BREAKDOWN,53,Auto-generated downtime event for line 4 on 20231202
20231202,7,CLEANING,81,Auto-generated downtime event for line 7 on 20231202
20231203,6,BREAKDOWN,89,Auto-generated downtime event for line 6 on 20231203
20231207,1,BREAKDOWN,26,Auto-generated downtime event for line 1 on 20231207
20231210,3,CHANGEOVER,70,Auto-generated downtime event for line 3 on 20231210
20231211,8,OTHER,53,Auto-generated downtime event for line 8 on 20231211
20231212,13,OTHER,55,Auto-generated downtime event for line 13 on 20231212
20231213,16,CHANGEOVER,47,Auto-generated downtime event for line 16 on 20231213
20231213,16,CLEANING,53,Auto-generated downtime event for line 16 on 20231213
20231214,8,NOFRUIT,80,Auto-generated downtime event for line 8 on 20231214
20231214,18,OTHER,57,Auto-generated downtime event for line 18 on 20231214
20231216,18,CLEANING,21,Auto-generated downtime event for line 18 on 20231216
20231220,12,OTHER,7,Auto-generated downtime event for line 12 on 20231220
20231222,5,BREAKDOWN,42,Auto-generated downtime event for line 5 on 20231222
20231222,11,BREAKDOWN,31,Auto-generated downtime event for line 11 on 20231222
20231223,3,OTHER,33,Auto-generated downtime event for line 3 on 20231223
20231226,4,OTHER,81,Auto-generated downtime event for line 4 on 20231226
20231227,11,OTHER,44,Auto-generated downtime event for line 11 on 20231227
20231229,1,CHANGEOVER,79,Auto-generated downtime event for line 1 on 20231229
20231230,10,OTHER,63,Auto-generated downtime event for line 10 on 20231230
20231231,8,CLEANING,76,Auto-generated downtime event for line 8 on 20231231
20240104,12,CHANGEOVER,55,Auto-generated downtime event for line 12 on 20240104
20240106,9,CHANGEOVER,52,Auto-generated downtime event for line 9 on 20240106
20240106,10,OTHER,14,Auto-generated downtime event for line 10 on 20240106
20240106,13,CLEANING,65,Auto-generated downtime event for line 13 on 20240106
20240107,7,CLEANING,34,Auto-generated downtime event for line 7 on 20240107
20240109,11,NOFRUIT,83,Auto-generated downtime event for line 11 on 20240109
20240109,16,CHANGEOVER,86,Auto-generated downtime event for line 16 on 20240109
20240110,1,OTHER,63,Auto-generated downtime event for line 1 on 20240110
20240110,14,OTHER,8,Auto-generated downtime event for line 14 on 20240110
20240110,14,OTHER,82,Auto-generated downtime event for line 14 on 20240110
20240113,11,OTHER,44,Auto-generated downtime event for line 11 on 20240113
20240114,16,OTHER,66,Auto-generated downtime event for line 16 on 20240114
20240115,1,CHANGEOVER,14,Auto-generated downtime event for line 1 on 20240115
20240116,5,CHANGEOVER,8,Auto-generated downtime event for line 5 on 20240116
20240117,2,OTHER,55,Auto-generated downtime event for line 2 on 20240117
20240119,4,BREAKDOWN,70,Auto-generated downtime event for line 4 on 20240119
20240120,9,OTHER,16,Auto-generated downtime event for line 9 on 20240120
20240122,6,OTHER,26,Auto-generated downtime event for line 6 on 20240122
20240123,4,CHANGEOVER,94,Auto-generated downtime event for line 4 on 20240123
20240123,13,OTHER,35,Auto-generated downtime event for line 13 on 20240123
20240125,12,CLEANING,58,Auto-generated downtime event for line 12 on 20240125
20240127,1,CLEANING,41,Auto-generated downtime event for line 1 on 20240127
20240127,1,CHANGEOVER,26,Auto-generated downtime event for line 1 on 20240127
20240128,14,CHANGEOVER,88,Auto-generated downtime event for line 14 on 20240128
20240130,6,BREAKDOWN,55,Auto-generated downtime event for line 6 on 20240130
20240131,2,OTHER,60,Auto-generated downtime event for line 2 on 20240131
20240202,16,BREAKDOWN,17,Auto-generated downtime event for line 16 on 20240202
20240202,18,BREAKDOWN,29,Auto-generated downtime event for line 18 on 20240202
20240206,11,CHANGEOVER,12,Auto-generated downtime event for line 11 on 20240206
20240208,9,OTHER,64,Auto-generated downtime event for line 9 on 20240208
20240208,16,OTHER,18,Auto-generated downtime event for line 16 on 20240208
20240209,6,OTHER,82,Auto-generated downtime event for line 6 on 20240209
20240210,1,OTHER,37,Auto-generated downtime event for line 1 on 20240210
20240213,13,OTHER,65,Auto-generated downtime event for line 13 on 20240213
20240215,9,BREAKDOWN,87,Auto-generated downtime event for line 9 on 20240215
20240216,16,OTHER,79,Auto-generated downtime event for line 16 on 20240216
20240216,17,BREAKDOWN,17,Auto-generated downtime event for line 17 on 20240216
20240217,17,BREAKDOWN,25,Auto-generated downtime event for line 17 on 20240217
20240220,2,OTHER,44,Auto-generated downtime event for line 2 on 20240220
20240222,18,NOFRUIT,14,Auto-generated downtime event for line 18 on 20240222
20240223,4,CHANGEOVER,56,Auto-generated downtime event for line 4 on 20240223
20240223,8,OTHER,52,Auto-generated downtime event for line 8 on 20240223
20240224,13,OTHER,90,Auto-generated downtime event for line 13 on 20240224
20240225,12,OTHER,6,Auto-generated downtime event for line 12 on 20240225
20240226,13,OTHER,78,Auto-generated downtime event for line 13 on 20240226
20240229,1,BREAKDOWN,35,Auto-generated downtime event for line 1 on 20240229
20240301,6,OTHER,21,Auto-generated downtime event for line 6 on 20240301
20240302,18,OTHER,57,Auto-generated downtime event for line 18 on 20240302
20240305,5,CLEANING,78,Auto-generated downtime event for line 5 on 20240305
20240305,9,BREAKDOWN,82,Auto-generated downtime event for line 9 on 20240305
20240306,8,OTHER,65,Auto-generated downtime event for line 8 on 20240306
20240310,1,OTHER,64,Auto-generated downtime event for line 1 on 20240310
20240313,12,NOFRUIT,85,Auto-generated downtime event for line 12 on 20240313
20240313,18,BREAKDOWN,92,Auto-generated downtime event for line 18 on 20240313
20240314,7,BREAKDOWN,49,Auto-generated downtime event for line 7 on 20240314
20240315,7,OTHER,70,Auto-generated downtime event for line 7 on 20240315
20240315,10,OTHER,60,Auto-generated downtime event for line 10 on 20240315
20240326,8,CHANGEOVER,48,Auto-generated downtime event for line 8 on 20240326
20240327,4,BREAKDOWN,18,Auto-generated downtime event for line 4 on 20240327
20240327,17,NOFRUIT,59,Auto-generated downtime event for line 17 on 20240327
20240328,16,OTHER,92,Auto-generated downtime event for line 16 on 20240328
20240329,17,OTHER,51,Auto-generated downtime event for line 17 on 20240329
20240331,5,CLEANING,13,Auto-generated downtime event for line 5 on 20240331
20240331,11,OTHER,73,Auto-generated downtime event for line 11 on 20240331
20240403,6,OTHER,76,Auto-generated downtime event for line 6 on 20240403
20240404,18,OTHER,90,Auto-generated downtime event for line 18 on 20240404
20240405,10,NOFRUIT,6,Auto-generated downtime event for line 10 on 20240405
20240407,14,BREAKDOWN,9,Auto-generated downtime event for line 14 on 20240407
20240408,6,OTHER,45,Auto-generated downtime event for line 6 on 20240408
20240409,9,CHANGEOVER,55,Auto-generated downtime event for line 9 on 20240409
20240410,3,OTHER,79,Auto-generated downtime event for line 3 on 20240410
20240413,7,NOFRUIT,19,Auto-generated downtime event for line 7 on 20240413
20240417,4,OTHER,51,Auto-generated downtime event for line 4 on 20240417
20240420,18,CLEANING,11,Auto-generated downtime event for line 18 on 20240420
20240422,6,NOFRUIT,47,Auto-generated downtime event for line 6 on 20240422
20240423,6,OTHER,88,Auto-generated downtime event for line 6 on 20240423
20240424,4,CHANGEOVER,64,Auto-generated downtime event for line 4 on 20240424
20240424,12,CLEANING,94,Auto-generated downtime event for line 12 on 20240424
20240425,8,BREAKDOWN,35,Auto-generated downtime event for line 8 on 20240425
20240426,5,CHANGEOVER,12,Auto-generated downtime event for line 5 on 20240426
20240427,5,CLEANING,50,Auto-generated downtime event for line 5 on 20240427
20240428,3,OTHER,8,Auto-generated downtime event for line 3 on 20240428
20240430,12,CHANGEOVER,20,Auto-generated downtime event for line 12 on 20240430
20240430,18,BREAKDOWN,70,Auto-generated downtime event for line 18 on 20240430
20240503,1,BREAKDOWN,42,Auto-generated downtime event for line 1 on 20240503
20240503,7,BREAKDOWN,79,Auto-generated downtime event for line 7 on 20240503
20240505,15,CHANGEOVER,50,Auto-generated downtime event for line 15 on 20240505
20240507,11,OTHER,22,Auto-generated downtime event for line 11 on 20240507
20240507,14,OTHER,25,Auto-generated downtime event for line 14 on 20240507
20240508,12,BREAKDOWN,54,Auto-generated downtime event for line 12 on 20240508
20240510,4,BREAKDOWN,93,Auto-generated downtime event for line 4 on 20240510
20240514,12,CHANGEOVER,87,Auto-generated downtime event for line 12 on 20240514
20240514,13,CLEANING,60,Auto-generated downtime event for line 13 on 20240514
20240514,14,CHANGEOVER,23,Auto-generated downtime event for line 14 on 20240514
20240514,16,OTHER,65,Auto-generated downtime event for line 16 on 20240514
20240517,7,CHANGEOVER,37,Auto-generated downtime event for line 7 on 20240517
20240517,13,CLEANING,14,Auto-generated downtime event for line 13 on 20240517
20240517,16,BREAKDOWN,51,Auto-generated downtime event for line 16 on 20240517
20240519,8,OTHER,92,Auto-generated downtime event for line 8 on 20240519
20240519,17,BREAKDOWN,33,Auto-generated downtime event for line 17 on 20240519
20240521,7,OTHER,72,Auto-generated downtime event for line 7 on 20240521
20240521,12,BREAKDOWN,38,Auto-generated downtime event for line 12 on 20240521
20240524,14,BREAKDOWN,7,Auto-generated downtime event for line 14 on 20240524
20240525,9,OTHER,53,Auto-generated downtime event for line 9 on 20240525
20240525,15,OTHER,93,Auto-generated downtime event for line 15 on 20240525
20240527,2,CHANGEOVER,7,Auto-generated downtime event for line 2 on 20240527
20240528,12,CLEANING,28,Auto-generated downtime event for line 12 on 20240528
20240531,13,OTHER,68,Auto-generated downtime event for line 13 on 20240531
20240601,8,NOFRUIT,62,Auto-generated downtime event for line 8 on 20240601
20240601,10,BREAKDOWN,24,Auto-generated downtime event for line 10 on 20240601
20240603,15,BREAKDOWN,20,Auto-generated downtime event for line 15 on 20240603
20240605,15,BREAKDOWN,46,Auto-generated downtime event for line 15 on 20240605
20240612,5,OTHER,69,Auto-generated downtime event for line 5 on 20240612
20240616,9,CHANGEOVER,66,Auto-generated downtime event for line 9 on 20240616
20240618,13,CHANGEOVER,19,Auto-generated downtime event for line 13 on 20240618
20240619,7,OTHER,90,Auto-generated downtime event for line 7 on 20240619
20240619,12,OTHER,29,Auto-generated downtime event for line 12 on 20240619
20240621,15,OTHER,25,Auto-generated downtime event for line 15 on 20240621
20240622,10,NOFRUIT,61,Auto-generated downtime event for line 10 on 20240622
20240623,5,NOFRUIT,29,Auto-generated downtime event for line 5 on 20240623
20240623,16,CLEANING,9,Auto-generated downtime event for line 16 on 20240623
20240627,4,OTHER,39,Auto-generated downtime event for line 4 on 20240627
20240628,12,OTHER,71,Auto-generated downtime event for line 12 on 20240628
20240629,9,NOFRUIT,50,Auto-generated downtime event for line 9 on 20240629
20240630,1,OTHER,19,Auto-generated downtime event for line 1 on 20240630
20240630,1,OTHER,68,Auto-generated downtime event for line 1 on 20240630
20240630,17,OTHER,59,Auto-generated downtime event for line 17 on 20240630
20240701,18,CHANGEOVER,42,Auto-generated downtime event for line 18 on 20240701
20240702,6,CHANGEOVER,40,Auto-generated downtime event for line 6 on 20240702
20240703,15,OTHER,80,Auto-generated downtime event for line 15 on 20240703
20240704,15,CLEANING,64,Auto-generated downtime event for line 15 on 20240704
20240705,6,NOFRUIT,7,Auto-generated downtime event for line 6 on 20240705
20240706,14,OTHER,26,Auto-generated downtime event for line 14 on 20240706
20240706,16,BREAKDOWN,42,Auto-generated downtime event for line 16 on 20240706
20240707,12,CLEANING,30,Auto-generated downtime event for line 12 on 20240707
20240707,17,OTHER,5,Auto-generated downtime event for line 17 on 20240707
20240708,13,OTHER,34,Auto-generated downtime event for line 13 on 20240708
20240708,16,BREAKDOWN,12,Auto-generated downtime event for line 16 on 20240708
20240711,13,OTHER,67,Auto-generated downtime event for line 13 on 20240711
20240713,1,OTHER,93,Auto-generated downtime event for line 1 on 20240713
20240713,14,CHANGEOVER,58,Auto-generated downtime event for line 14 on 20240713
20240714,1,NOFRUIT,91,Auto-generated downtime event for line 1 on 20240714
20240714,9,NOFRUIT,67,Auto-generated downtime event for line 9 on 20240714
20240714,11,NOFRUIT,21,Auto-generated downtime event for line 11 on 20240714
20240717,2,CLEANING,82,Auto-generated downtime event for line 2 on 20240717
20240718,2,CHANGEOVER,12,Auto-generated downtime event for line 2 on 20240718
20240718,3,CHANGEOVER,26,Auto-generated downtime event for line 3 on 20240718
20240719,17,NOFRUIT,8,Auto-generated downtime event for line 17 on 20240719
20240721,9,NOFRUIT,73,Auto-generated downtime event for line 9 on 20240721
20240721,16,CHANGEOVER,60,Auto-generated downtime event for line 16 on 20240721
20240722,6,OTHER,12,Auto-generated downtime event for line 6 on 20240722
20240724,6,OTHER,67,Auto-generated downtime event for line 6 on 20240724
20240725,3,CHANGEOVER,14,Auto-generated downtime event for line 3 on 20240725
20240726,1,BREAKDOWN,5,Auto-generated downtime event for line 1 on 20240726
20240727,9,CHANGEOVER,6,Auto-generated downtime event for line 9 on 20240727
20240727,10,CLEANING,10,Auto-generated downtime event for line 10 on 20240727
20240728,9,OTHER,46,Auto-generated downtime event for line 9 on 20240728
20240729,3,OTHER,35,Auto-generated downtime event for line 3 on 20240729
20240729,17,OTHER,8,Auto-generated downtime event for line 17 on 20240729
20240730,16,BREAKDOWN,13,Auto-generated downtime event for line 16 on 20240730
20240801,2,OTHER,16,Auto-generated downtime event for line 2 on 20240801
20240802,11,BREAKDOWN,35,Auto-generated downtime event for line 11 on 20240802
20240802,12,CLEANING,87,Auto-generated downtime event for line 12 on 20240802
20240809,9,CLEANING,45,Auto-generated downtime event for line 9 on 20240809
20240812,10,CHANGEOVER,26,Auto-generated downtime event for line 10 on 20240812
20240813,16,OTHER,92,Auto-generated downtime event for line 16 on 20240813
20240815,5,CHANGEOVER,73,Auto-generated downtime event for line 5 on 20240815
20240817,8,OTHER,30,Auto-generated downtime event for line 8 on 20240817
20240818,3,OTHER,85,Auto-generated downtime event for line 3 on 20240818
20240822,9,CLEANING,28,Auto-generated downtime event for line 9 on 20240822
20240822,18,OTHER,35,Auto-generated downtime event for line 18 on 20240822
20240825,16,OTHER,10,Auto-generated downtime event for line 16 on 20240825
20240826,16,CLEANING,13,Auto-generated downtime event for line 16 on 20240826
20240829,6,NOFRUIT,51,Auto-generated downtime event for line 6 on 20240829
20240829,9,BREAKDOWN,16,Auto-generated downtime event for line 9 on 20240829
20240908,6,CHANGEOVER,44,Auto-generated downtime event for line 6 on 20240908
20240910,16,CHANGEOVER,8,Auto-generated downtime event for line 16 on 20240910
20240910,16,OTHER,33,Auto-generated downtime event for line 16 on 20240910
20240912,15,BREAKDOWN,60,Auto-generated downtime event for line 15 on 20240912
20240912,18,BREAKDOWN,16,Auto-generated downtime event for line 18 on 20240912
20240913,16,OTHER,83,Auto-generated downtime event for line 16 on 20240913
20240914,13,CHANGEOVER,92,Auto-generated downtime event for line 13 on 20240914
20240916,6,CHANGEOVER,61,Auto-generated downtime event for line 6 on 20240916
20240917,3,BREAKDOWN,48,Auto-generated downtime event for line 3 on 20240917
20240917,6,CLEANING,92,Auto-generated downtime event for line 6 on 20240917
20240917,17,CLEANING,9,Auto-generated downtime event for line 17 on 20240917
20240918,17,OTHER,14,Auto-generated downtime event for line 17 on 20240918
20240919,2,OTHER,82,Auto-generated downtime event for line 2 on 20240919
20240919,11,CLEANING,46,Auto-generated downtime event for line 11 on 20240919
20240919,15,CHANGEOVER,73,Auto-generated downtime event for line 15 on 20240919
20240921,17,NOFRUIT,41,Auto-generated downtime event for line 17 on 20240921
20240921,18,OTHER,77,Auto-generated downtime event for line 18 on 20240921
20240922,15,OTHER,58,Auto-generated downtime event for line 15 on 20240922
20240923,1,CHANGEOVER,8,Auto-generated downtime event for line 1 on 20240923
20240925,3,BREAKDOWN,28,Auto-generated downtime event for line 3 on 20240925
20240925,11,CHANGEOVER,89,Auto-generated downtime event for line 11 on 20240925
20240926,7,OTHER,40,Auto-generated downtime event for line 7 on 20240926
20240926,8,CHANGEOVER,59,Auto-generated downtime event for line 8 on 20240926
20241002,2,OTHER,93,Auto-generated downtime event for line 2 on 20241002
20241002,10,OTHER,68,Auto-generated downtime event for line 10 on 20241002
20241004,5,NOFRUIT,16,Auto-generated downtime event for line 5 on 20241004
20241004,12,BREAKDOWN,55,Auto-generated downtime event for line 12 on 20241004
20241006,18,CHANGEOVER,50,Auto-generated downtime event for line 18 on 20241006
20241008,8,BREAKDOWN,46,Auto-generated downtime event for line 8 on 20241008
20241009,4,CLEANING,58,Auto-generated downtime event for line 4 on 20241009
20241014,3,CHANGEOVER,57,Auto-generated downtime event for line 3 on 20241014
20241014,13,OTHER,19,Auto-generated downtime event for line 13 on 20241014
20241017,8,BREAKDOWN,76,Auto-generated downtime event for line 8 on 20241017
20241017,16,CLEANING,25,Auto-generated downtime event for line 16 on 20241017
20241019,2,NOFRUIT,87,Auto-generated downtime event for line 2 on 20241019
20241019,3,CLEANING,23,Auto-generated downtime event for line 3 on 20241019
20241019,12,OTHER,52,Auto-generated downtime event for line 12 on 20241019
20241020,2,CLEANING,40,Auto-generated downtime event for line 2 on 20241020
20241021,3,CHANGEOVER,66,Auto-generated downtime event for line 3 on 20241021
20241022,7,BREAKDOWN,58,Auto-generated downtime event for line 7 on 20241022
20241024,11,BREAKDOWN,31,Auto-generated downtime event for line 11 on 20241024
20241026,4,BREAKDOWN,38,Auto-generated downtime event for line 4 on 20241026
20241026,8,CLEANING,87,Auto-generated downtime event for line 8 on 20241026
20241027,17,OTHER,34,Auto-generated downtime event for line 17 on 20241027
20241029,18,OTHER,11,Auto-generated downtime event for line 18 on 20241029
20241030,11,BREAKDOWN,29,Auto-generated downtime event for line 11 on 20241030
20241030,13,CHANGEOVER,65,Auto-generated downtime event for line 13 on 20241030
20241031,9,BREAKDOWN,11,Auto-generated downtime event for line 9 on 20241031
20241101,16,NOFRUIT,93,Auto-generated downtime event for line 16 on 20241101
20241106,6,NOFRUIT,92,Auto-generated downtime event for line 6 on 20241106
20241106,17,OTHER,36,Auto-generated downtime event for line 17 on 20241106
20241108,12,OTHER,29,Auto-generated downtime event for line 12 on 20241108
20241112,7,BREAKDOWN,57,Auto-generated downtime event for line 7 on 20241112
20241112,10,CHANGEOVER,12,Auto-generated downtime event for line 10 on 20241112
20241112,18,OTHER,36,Auto-generated downtime event for line 18 on 20241112
20241120,5,OTHER,8,Auto-generated downtime event for line 5 on 20241120
20241120,14,CLEANING,46,Auto-generated downtime event for line 14 on 20241120
20241122,1,OTHER,85,Auto-generated downtime event for line 1 on 20241122
20241124,17,OTHER,33,Auto-generated downtime event for line 17 on 20241124
20241204,18,OTHER,53,Auto-generated downtime event for line 18 on 20241204
20241205,9,BREAKDOWN,59,Auto-generated downtime event for line 9 on 20241205
20241206,3,CHANGEOVER,67,Auto-generated downtime event for line 3 on 20241206
20241209,8,BREAKDOWN,67,Auto-generated downtime event for line 8 on 20241209
20241209,12,CLEANING,40,Auto-generated downtime event for line 12 on 20241209
20241211,17,CHANGEOVER,80,Auto-generated downtime event for line 17 on 20241211
20241212,2,CHANGEOVER,49,Auto-generated downtime event for line 2 on 20241212
20241215,6,NOFRUIT,65,Auto-generated downtime event for line 6 on 20241215
20241217,1,CLEANING,39,Auto-generated downtime event for line 1 on 20241217
20241220,18,BREAKDOWN,8,Auto-generated downtime event for line 18 on 20241220
20241221,5,NOFRUIT,70,Auto-generated downtime event for line 5 on 20241221
20241221,13,OTHER,7,Auto-generated downtime event for line 13 on 20241221
20241224,10,BREAKDOWN,8,Auto-generated downtime event for line 10 on 20241224
20241226,2,OTHER,7,Auto-generated downtime event for line 2 on 20241226
20241226,13,OTHER,9,Auto-generated downtime event for line 13 on 20241226
20241228,11,NOFRUIT,36,Auto-generated downtime event for line 11 on 20241228
20241228,17,OTHER,61,Auto-generated downtime event for line 17 on 20241228
20241230,1,OTHER,67,Auto-generated downtime event for line 1 on 20241230
20241230,5,OTHER,83,Auto-generated downtime event for line 5 on 20241230
20241231,5,BREAKDOWN,27,Auto-generated downtime event for line 5 on 20241231
20250101,2,BREAKDOWN,31,Auto-generated downtime event for line 2 on 20250101
20250103,14,CLEANING,79,Auto-generated downtime event for line 14 on 20250103
20250104,1,BREAKDOWN,33,Auto-generated downtime event for line 1 on 20250104
20250105,17,NOFRUIT,66,Auto-generated downtime event for line 17 on 20250105
20250106,15,OTHER,93,Auto-generated downtime event for line 15 on 20250106
20250107,11,CHANGEOVER,76,Auto-generated downtime event for line 11 on 20250107
20250109,1,CLEANING,16,Auto-generated downtime event for line 1 on 20250109
20250109,15,OTHER,93,Auto-generated downtime event for line 15 on 20250109
20250114,18,OTHER,48,Auto-generated downtime event for line 18 on 20250114
20250115,5,OTHER,57,Auto-generated downtime event for line 5 on 20250115
20250118,13,BREAKDOWN,90,Auto-generated downtime event for line 13 on 20250118
20250118,14,CHANGEOVER,9,Auto-generated downtime event for line 14 on 20250118
20250119,4,OTHER,93,Auto-generated downtime event for line 4 on 20250119
20250122,16,CLEANING,63,Auto-generated downtime event for line 16 on 20250122
20250123,5,OTHER,52,Auto-generated downtime event for line 5 on 20250123
20250123,8,OTHER,52,Auto-generated downtime event for line 8 on 20250123
20250124,9,OTHER,68,Auto-generated downtime event for line 9 on 20250124
20250124,14,OTHER,31,Auto-generated downtime event for line 14 on 20250124
20250126,13,CLEANING,28,Auto-generated downtime event for line 13 on 20250126
20250126,17,OTHER,45,Auto-generated downtime event for line 17 on 20250126
20250127,6,NOFRUIT,23,Auto-generated downtime event for line 6 on 20250127
20250131,11,OTHER,61,Auto-generated downtime event for line 11 on 20250131
20250202,4,BREAKDOWN,89,Auto-generated downtime event for line 4 on 20250202
20250205,1,BREAKDOWN,25,Auto-generated downtime event for line 1 on 20250205
20250205,9,BREAKDOWN,94,Auto-generated downtime event for line 9 on 20250205
20250205,14,OTHER,94,Auto-generated downtime event for line 14 on 20250205
20250206,14,OTHER,19,Auto-generated downtime event for line 14 on 20250206
20250206,15,NOFRUIT,16,Auto-generated downtime event for line 15 on 20250206
20250206,17,CLEANING,57,Auto-generated downtime event for line 17 on 20250206
20250207,9,OTHER,83,Auto-generated downtime event for line 9 on 20250207
20250209,3,OTHER,38,Auto-generated downtime event for line 3 on 20250209
20250209,18,BREAKDOWN,22,Auto-generated downtime event for line 18 on 20250209
20250210,3,NOFRUIT,20,Auto-generated downtime event for line 3 on 20250210
20250210,16,OTHER,31,Auto-generated downtime event for line 16 on 20250210
20250210,18,NOFRUIT,91,Auto-generated downtime event for line 18 on 20250210
20250211,9,OTHER,73,Auto-generated downtime event for line 9 on 20250211
20250212,17,OTHER,22,Auto-generated downtime event for line 17 on 20250212
20250215,6,CLEANING,6,Auto-generated downtime event for line 6 on 20250215
20250215,15,BREAKDOWN,19,Auto-generated downtime event for line 15 on 20250215
20250216,12,OTHER,18,Auto-generated downtime event for line 12 on 20250216
20250219,14,BREAKDOWN,62,Auto-generated downtime event for line 14 on 20250219
20250220,12,CLEANING,24,Auto-generated downtime event for line 12 on 20250220
20250223,6,NOFRUIT,7,Auto-generated downtime event for line 6 on 20250223
20250223,9,OTHER,47,Auto-generated downtime event for line 9 on 20250223
20250223,10,OTHER,40,Auto-generated downtime event for line 10 on 20250223
20250227,12,CHANGEOVER,43,Auto-generated downtime event for line 12 on 20250227
20250302,18,CLEANING,90,Auto-generated downtime event for line 18 on 20250302
20250303,12,OTHER,7,Auto-generated downtime event for line 12 on 20250303
20250309,2,BREAKDOWN,28,Auto-generated downtime event for line 2 on 20250309
20250311,18,CLEANING,45,Auto-generated downtime event for line 18 on 20250311
20250312,10,OTHER,85,Auto-generated downtime event for line 10 on 20250312
20250312,13,BREAKDOWN,91,Auto-generated downtime event for line 13 on 20250312
20250313,18,BREAKDOWN,71,Auto-generated downtime event for line 18 on 20250313
20250314,9,CHANGEOVER,49,Auto-generated downtime event for line 9 on 20250314
20250318,4,BREAKDOWN,66,Auto-generated downtime event for line 4 on 20250318
20250319,13,CLEANING,68,Auto-generated downtime event for line 13 on 20250319
20250320,4,CHANGEOVER,11,Auto-generated downtime event for line 4 on 20250320
20250320,18,OTHER,70,Auto-generated downtime event for line 18 on 20250320
20250323,13,CLEANING,6,Auto-generated downtime event for line 13 on 20250323
20250324,14,BREAKDOWN,55,Auto-generated downtime event for line 14 on 20250324
20250328,4,BREAKDOWN,94,Auto-generated downtime event for line 4 on 20250328
20250328,12,OTHER,10,Auto-generated downtime event for line 12 on 20250328
20250329,2,NOFRUIT,40,Auto-generated downtime event for line 2 on 20250329
20250402,8,OTHER,22,Auto-generated downtime event for line 8 on 20250402
20250402,18,CHANGEOVER,43,Auto-generated downtime event for line 18 on 20250402
20250403,4,NOFRUIT,39,Auto-generated downtime event for line 4 on 20250403
20250403,9,CHANGEOVER,56,Auto-generated downtime event for line 9 on 20250403
20250408,2,BREAKDOWN,59,Auto-generated downtime event for line 2 on 20250408
20250408,5,OTHER,56,Auto-generated downtime event for line 5 on 20250408
20250410,3,OTHER,68,Auto-generated downtime event for line 3 on 20250410
20250410,18,OTHER,61,Auto-generated downtime event for line 18 on 20250410
20250418,9,BREAKDOWN,68,Auto-generated downtime event for line 9 on 20250418
20250418,16,CHANGEOVER,66,Auto-generated downtime event for line 16 on 20250418
20250419,13,CHANGEOVER,22,Auto-generated downtime event for line 13 on 20250419
20250421,4,CLEANING,39,Auto-generated downtime event for line 4 on 20250421
20250422,9,OTHER,55,Auto-generated downtime event for line 9 on 20250422
20250422,11,OTHER,31,Auto-generated downtime event for line 11 on 20250422
20250423,13,CHANGEOVER,92,Auto-generated downtime event for line 13 on 20250423
20250424,9,OTHER,77,Auto-generated downtime event for line 9 on 20250424
20250425,13,BREAKDOWN,29,Auto-generated downtime event for line 13 on 20250425
20250504,15,OTHER,34,Auto-generated downtime event for line 15 on 20250504
20250507,1,CHANGEOVER,38,Auto-generated downtime event for line 1 on 20250507
20250507,16,OTHER,94,Auto-generated downtime event for line 16 on 20250507
20250510,1,OTHER,66,Auto-generated downtime event for line 1 on 20250510
20250510,7,OTHER,65,Auto-generated downtime event for line 7 on 20250510
20250510,13,CHANGEOVER,7,Auto-generated downtime event for line 13 on 20250510
20250511,18,NOFRUIT,8,Auto-generated downtime event for line 18 on 20250511
20250512,17,CHANGEOVER,34,Auto-generated downtime event for line 17 on 20250512
20250513,4,CLEANING,65,Auto-generated downtime event for line 4 on 20250513
20250513,6,OTHER,5,Auto-generated downtime event for line 6 on 20250513
20250514,11,NOFRUIT,14,Auto-generated downtime event for line 11 on 20250514
20250515,13,BREAKDOWN,6,Auto-generated downtime event for line 13 on 20250515
20250516,16,BREAKDOWN,37,Auto-generated downtime event for line 16 on 20250516
20250517,5,OTHER,44,Auto-generated downtime event for line 5 on 20250517
20250517,15,NOFRUIT,15,Auto-generated downtime event for line 15 on 20250517
20250519,4,OTHER,44,Auto-generated downtime event for line 4 on 20250519
20250520,3,OTHER,81,Auto-generated downtime event for line 3 on 20250520
20250521,17,NOFRUIT,79,Auto-generated downtime event for line 17 on 20250521
20250523,8,CLEANING,48,Auto-generated downtime event for line 8 on 20250523
20250523,16,OTHER,81,Auto-generated downtime event for line 16 on 20250523
20250524,12,CHANGEOVER,66,Auto-generated downtime event for line 12 on 20250524
20250525,10,OTHER,8,Auto-generated downtime event for line 10 on 20250525
20250528,14,OTHER,51,Auto-generated downtime event for line 14 on 20250528
20250531,6,NOFRUIT,6,Auto-generated downtime event for line 6 on 20250531
20250531,12,NOFRUIT,66,Auto-generated downtime event for line 12 on 20250531
20250531,14,CHANGEOVER,66,Auto-generated downtime event for line 14 on 20250531
20250604,3,NOFRUIT,92,Auto-generated downtime event for line 3 on 20250604
20250607,7,NOFRUIT,84,Auto-generated downtime event for line 7 on 20250607
20250609,11,BREAKDOWN,58,Auto-generated downtime event for line 11 on 20250609
20250609,15,NOFRUIT,59,Auto-generated downtime event for line 15 on 20250609
20250610,2,BREAKDOWN,91,Auto-generated downtime event for line 2 on 20250610
20250613,2,OTHER,20,Auto-generated downtime event for line 2 on 20250613
20250618,15,BREAKDOWN,54,Auto-generated downtime event for line 15 on 20250618
20250623,12,CLEANING,46,Auto-generated downtime event for line 12 on 20250623
20250623,12,BREAKDOWN,33,Auto-generated downtime event for line 12 on 20250623
20250624,14,CLEANING,87,Auto-generated downtime event for line 14 on 20250624
20250625,7,CHANGEOVER,33,Auto-generated downtime event for line 7 on 20250625
20250627,7,OTHER,65,Auto-generated downtime event for line 7 on 20250627
20250628,5,OTHER,82,Auto-generated downtime event for line 5 on 20250628
20250628,17,CHANGEOVER,77,Auto-generated downtime event for line 17 on 20250628
20250629,5,NOFRUIT,46,Auto-generated downtime event for line 5 on 20250629
20250703,3,NOFRUIT,15,Auto-generated downtime event for line 3 on 20250703
20250703,5,OTHER,46,Auto-generated downtime event for line 5 on 20250703
20250703,14,BREAKDOWN,87,Auto-generated downtime event for line 14 on 20250703
20250705,17,OTHER,38,Auto-generated downtime event for line 17 on 20250705
20250706,5,NOFRUIT,91,Auto-generated downtime event for line 5 on 20250706
20250708,3,OTHER,52,Auto-generated downtime event for line 3 on 20250708
20250716,4,OTHER,35,Auto-generated downtime event for line 4 on 20250716
20250716,17,OTHER,13,Auto-generated downtime event for line 17 on 20250716
20250717,6,BREAKDOWN,51,Auto-generated downtime event for line 6 on 20250717
20250720,18,OTHER,65,Auto-generated downtime event for line 18 on 20250720
20250721,3,CLEANING,36,Auto-generated downtime event for line 3 on 20250721
20250723,10,BREAKDOWN,54,Auto-generated downtime event for line 10 on 20250723
20250723,13,BREAKDOWN,67,Auto-generated downtime event for line 13 on 20250723
20250723,15,OTHER,52,Auto-generated downtime event for line 15 on 20250723
20250724,15,OTHER,90,Auto-generated downtime event for line 15 on 20250724
20250728,3,BREAKDOWN,48,Auto-generated downtime event for line 3 on 20250728
20250728,13,CLEANING,14,Auto-generated downtime event for line 13 on 20250728
20250728,15,CHANGEOVER,94,Auto-generated downtime event for line 15 on 20250728
20250729,5,OTHER,41,Auto-generated downtime event for line 5 on 20250729
20250731,3,NOFRUIT,32,Auto-generated downtime event for line 3 on 20250731
20250804,1,OTHER,54,Auto-generated downtime event for line 1 on 20250804
20250804,5,CHANGEOVER,10,Auto-generated downtime event for line 5 on 20250804
20250805,4,OTHER,35,Auto-generated downtime event for line 4 on 20250805
20250806,14,CLEANING,29,Auto-generated downtime event for line 14 on 20250806
20250806,15,CHANGEOVER,56,Auto-generated downtime event for line 15 on 20250806
20250807,2,NOFRUIT,74,Auto-generated downtime event for line 2 on 20250807
20250807,6,CLEANING,81,Auto-generated downtime event for line 6 on 20250807
20250808,15,NOFRUIT,51,Auto-generated downtime event for line 15 on 20250808
20250810,2,OTHER,76,Auto-generated downtime event for line 2 on 20250810
20250810,3,BREAKDOWN,65,Auto-generated downtime event for line 3 on 20250810
20250811,18,OTHER,26,Auto-generated downtime event for line 18 on 20250811
20250812,4,OTHER,10,Auto-generated downtime event for line 4 on 20250812
20250813,8,OTHER,64,Auto-generated downtime event for line 8 on 20250813
20250814,16,CLEANING,32,Auto-generated downtime event for line 16 on 20250814
20250815,15,OTHER,18,Auto-generated downtime event for line 15 on 20250815
20250816,8,OTHER,80,Auto-generated downtime event for line 8 on 20250816
20250821,6,NOFRUIT,93,Auto-generated downtime event for line 6 on 20250821
20250821,17,CLEANING,21,Auto-generated downtime event for line 17 on 20250821
20250822,10,BREAKDOWN,23,Auto-generated downtime event for line 10 on 20250822
20250822,16,CLEANING,40,Auto-generated downtime event for line 16 on 20250822
20250823,2,CLEANING,77,Auto-generated downtime event for line 2 on 20250823
20250823,14,OTHER,20,Auto-generated downtime event for line 14 on 20250823
20250824,2,CHANGEOVER,80,Auto-generated downtime event for line 2 on 20250824
20250828,8,CLEANING,89,Auto-generated downtime event for line 8 on 20250828
20250828,12,OTHER,54,Auto-generated downtime event for line 12 on 20250828
20250829,2,BREAKDOWN,25,Auto-generated downtime event for line 2 on 20250829
20250829,11,NOFRUIT,35,Auto-generated downtime event for line 11 on 20250829
20250901,4,OTHER,40,Auto-generated downtime event for line 4 on 20250901
20250903,7,OTHER,46,Auto-generated downtime event for line 7 on 20250903
20250904,1,NOFRUIT,47,Auto-generated downtime event for line 1 on 20250904
20250905,7,OTHER,34,Auto-generated downtime event for line 7 on 20250905
20250906,2,OTHER,9,Auto-generated downtime event for line 2 on 20250906
20250906,4,OTHER,32,Auto-generated downtime event for line 4 on 20250906
20250906,5,OTHER,88,Auto-generated downtime event for line 5 on 20250906
20250907,9,OTHER,17,Auto-generated downtime event for line 9 on 20250907
20250910,8,OTHER,62,Auto-generated downtime event for line 8 on 20250910
20250910,9,OTHER,74,Auto-generated downtime event for line 9 on 20250910
20250910,13,OTHER,29,Auto-generated downtime event for line 13 on 20250910
20250914,5,BREAKDOWN,5,Auto-generated downtime event for line 5 on 20250914
20250915,5,OTHER,72,Auto-generated downtime event for line 5 on 20250915
20250917,18,OTHER,73,Auto-generated downtime event for line 18 on 20250917
20250918,1,BREAKDOWN,76,Auto-generated downtime event for line 1 on 20250918
20250918,4,NOFRUIT,58,Auto-generated downtime event for line 4 on 20250918
20250919,2,OTHER,11,Auto-generated downtime event for line 2 on 20250919
20250922,14,OTHER,25,Auto-generated downtime event for line 14 on 20250922
20250922,16,OTHER,7,Auto-generated downtime event for line 16 on 20250922
20250926,15,OTHER,34,Auto-generated downtime event for line 15 on 20250926
20250928,6,OTHER,63,Auto-generated downtime event for line 6 on 20250928
20250928,16,CLEANING,55,Auto-generated downtime event for line 16 on 20250928
20250929,10,BREAKDOWN,54,Auto-generated downtime event for line 10 on 20250929
20250930,11,OTHER,49,Auto-generated downtime event for line 11 on 20250930
20251005,11,CLEANING,81,Auto-generated downtime event for line 11 on 20251005
20251006,6,NOFRUIT,30,Auto-generated downtime event for line 6 on 20251006
20251007,15,OTHER,84,Auto-generated downtime event for line 15 on 20251007
20251009,4,OTHER,47,Auto-generated downtime event for line 4 on 20251009
20251009,12,OTHER,77,Auto-generated downtime event for line 12 on 20251009
20251010,1,OTHER,8,Auto-generated downtime event for line 1 on 20251010
20251013,15,CLEANING,51,Auto-generated downtime event for line 15 on 20251013
20251017,4,NOFRUIT,10,Auto-generated downtime event for line 4 on 20251017
20251017,8,CHANGEOVER,30,Auto-generated downtime event for line 8 on 20251017
20251018,5,OTHER,11,Auto-generated downtime event for line 5 on 20251018
20251018,7,BREAKDOWN,39,Auto-generated downtime event for line 7 on 20251018
20251018,8,OTHER,37,Auto-generated downtime event for line 8 on 20251018
20251019,7,OTHER,26,Auto-generated downtime event for line 7 on 20251019
20251022,17,CHANGEOVER,38,Auto-generated downtime event for line 17 on 20251022
20251025,1,OTHER,64,Auto-generated downtime event for line 1 on 20251025
20251027,7,CHANGEOVER,12,Auto-generated downtime event for line 7 on 20251027
20251029,10,BREAKDOWN,65,Auto-generated downtime event for line 10 on 20251029
20251029,12,CHANGEOVER,74,Auto-generated downtime event for line 12 on 20251029
20251030,12,NOFRUIT,20,Auto-generated downtime event for line 12 on 20251030
20251103,9,CLEANING,93,Auto-generated downtime event for line 9 on 20251103
20251105,13,CHANGEOVER,77,Auto-generated downtime event for line 13 on 20251105
20251106,4,OTHER,50,Auto-generated downtime event for line 4 on 20251106
20251107,4,NOFRUIT,43,Auto-generated downtime event for line 4 on 20251107
20251108,14,NOFRUIT,19,Auto-generated downtime event for line 14 on 20251108
20251112,11,OTHER,26,Auto-generated downtime event for line 11 on 20251112
20251113,15,OTHER,78,Auto-generated downtime event for line 15 on 20251113
20251115,9,OTHER,50,Auto-generated downtime event for line 9 on 20251115
20251118,4,OTHER,26,Auto-generated downtime event for line 4 on 20251118
20251120,6,CHANGEOVER,21,Auto-generated downtime event for line 6 on 20251120
20251129,16,OTHER,67,Auto-generated downtime event for line 16 on 20251129
20251130,12,BREAKDOWN,14,Auto-generated downtime event for line 12 on 20251130
20251202,7,OTHER,15,Auto-generated downtime event for line 7 on 20251202
20251203,13,CLEANING,68,Auto-generated downtime event for line 13 on 20251203
20251205,16,OTHER,94,Auto-generated downtime event for line 16 on 20251205
20251206,11,CHANGEOVER,83,Auto-generated downtime event for line 11 on 20251206
20251206,15,OTHER,66,Auto-generated downtime event for line 15 on 20251206
20251207,9,CHANGEOVER,87,Auto-generated downtime event for line 9 on 20251207
20251209,9,BREAKDOWN,86,Auto-generated downtime event for line 9 on 20251209
20251209,17,CHANGEOVER,83,Auto-generated downtime event for line 17 on 20251209
20251211,8,OTHER,60,Auto-generated downtime event for line 8 on 20251211
20251212,10,OTHER,26,Auto-generated downtime event for line 10 on 20251212
20251213,2,CHANGEOVER,12,Auto-generated downtime event for line 2 on 20251213
20251213,17,NOFRUIT,93,Auto-generated downtime event for line 17 on 20251213
20251214,5,CHANGEOVER,34,Auto-generated downtime event for line 5 on 20251214
20251215,1,CHANGEOVER,67,Auto-generated downtime event for line 1 on 20251215
20251215,3,BREAKDOWN,20,Auto-generated downtime event for line 3 on 20251215
20251215,11,OTHER,75,Auto-generated downtime event for line 11 on 20251215
20251216,1,NOFRUIT,29,Auto-generated downtime event for line 1 on 20251216
20251217,10,CLEANING,6,Auto-generated downtime event for line 10 on 20251217
20251219,17,OTHER,55,Auto-generated downtime event for line 17 on 20251219
20251220,8,OTHER,74,Auto-generated downtime event for line 8 on 20251220
20251220,18,OTHER,22,Auto-generated downtime event for line 18 on 20251220
20251221,2,CHANGEOVER,34,Auto-generated downtime event for line 2 on 20251221
20251221,2,OTHER,44,Auto-generated downtime event for line 2 on 20251221
20251221,14,NOFRUIT,28,Auto-generated downtime event for line 14 on 20251221
20251224,13,CLEANING,17,Auto-generated downtime event for line 13 on 20251224
20251225,16,OTHER,71,Auto-generated downtime event for line 16 on 20251225
20251226,3,CLEANING,54,Auto-generated downtime event for line 3 on 20251226
20251226,10,BREAKDOWN,37,Auto-generated downtime event for line 10 on 20251226
20251226,11,NOFRUIT,35,Auto-generated downtime event for line 11 on 20251226
20251229,2,OTHER,19,Auto-generated downtime event for line 2 on 20251229
20251229,3,OTHER,92,Auto-generated downtime event for line 3 on 20251229
20251230,11,BREAKDOWN,88,Auto-generated downtime event for line 11 on 20251230
20251230,13,OTHER,71,Auto-generated downtime event for line 13 on 20251230
